{
  "project_info": {
    "project_number": "823881250014",
    "project_id": "custombotcontrol-c2a8f",
    "storage_bucket": "custombotcontrol-c2a8f.firebasestorage.app"
  },
  "client": [
    {
      "client_info": {
        "mobilesdk_app_id": "1:823881250014:android:ab29240dd9067442efbe4f",
        "android_client_info": {
          "package_name": "com.example.custombot_control"
        }
      },
      "oauth_client": [],
      "api_key": [
        {
          "current_key": "AIzaSyDtUtESSe_HMLMQaNlLXszfJiohE0lTkAs"
        }
      ],
      "services": {
        "appinvite_service": {
          "other_platform_oauth_client": []
        }
      }
    }
  ],
  "configuration_version": "1"
}